{"init_params": {"cat_dims": [], "cat_emb_dim": [], "cat_idxs": [], "clip_value": 1, "device_name": "cuda", "epsilon": 1e-15, "gamma": 1.675345079921035, "grouped_features": [], "input_dim": 635, "lambda_sparse": 0.00015802682815250184, "mask_type": "entmax", "momentum": 0.035984876447749184, "n_a": 104, "n_d": 124, "n_indep_decoder": 1, "n_independent": 8, "n_shared": 3, "n_shared_decoder": 1, "n_steps": 2, "optimizer_params": {"lr": 0.01636217599662313}, "output_dim": [6, 15, 32], "scheduler_params": {"step_size": 10, "gamma": 0.95}, "seed": 0, "verbose": true}, "class_attrs": {"preds_mapper": [{"0": "0", "1": "1", "2": "2", "3": "3", "4": "4", "5": "5"}, {"0": "0", "1": "1", "2": "2", "3": "3", "4": "4", "5": "5", "6": "6", "7": "7", "8": "8", "9": "9", "10": "10", "11": "11", "12": "12", "13": "13", "14": "14"}, {"0": "0", "1": "1", "2": "2", "3": "3", "4": "4", "5": "5", "6": "6", "7": "7", "8": "8", "9": "9", "10": "10", "11": "11", "12": "12", "13": "13", "14": "14", "15": "15", "16": "16", "17": "17", "18": "18", "19": "19", "20": "20", "21": "21", "22": "22", "23": "23", "24": "24", "25": "25", "26": "26", "27": "27", "28": "28", "29": "29", "30": "30", "31": "31"}]}}