{"init_params": {"cat_dims": [], "cat_emb_dim": [], "cat_idxs": [], "clip_value": 1, "device_name": "cuda", "epsilon": 1e-15, "gamma": 1.5282061083887406, "grouped_features": [], "input_dim": 564, "lambda_sparse": 0.00011420810192276591, "mask_type": "entmax", "momentum": 0.2268231698032032, "n_a": 24, "n_d": 120, "n_indep_decoder": 1, "n_independent": 4, "n_shared": 3, "n_shared_decoder": 1, "n_steps": 1, "optimizer_params": {"lr": 0.029589081102192678}, "output_dim": 113, "scheduler_params": {"step_size": 10, "gamma": 0.95}, "seed": 0, "verbose": true}, "class_attrs": {"preds_mapper": null}}