{"init_params": {"cat_dims": [], "cat_emb_dim": [], "cat_idxs": [], "clip_value": 1, "device_name": "cuda", "epsilon": 1e-15, "gamma": 1.1691288977686993, "grouped_features": [], "input_dim": 457, "lambda_sparse": 0.00030771881607877846, "mask_type": "entmax", "momentum": 0.24870408596940852, "n_a": 32, "n_d": 64, "n_indep_decoder": 1, "n_independent": 4, "n_shared": 8, "n_shared_decoder": 1, "n_steps": 1, "optimizer_params": {"lr": 0.020020045911988242}, "output_dim": 54, "scheduler_params": {"step_size": 10, "gamma": 0.95}, "seed": 0, "verbose": true}, "class_attrs": {"preds_mapper": null}}