{"init_params": {"cat_dims": [], "cat_emb_dim": [], "cat_idxs": [], "clip_value": 1, "device_name": "cuda", "epsilon": 1e-15, "gamma": 1.2779704884288565, "grouped_features": [], "input_dim": 632, "lambda_sparse": 0.0007885589468545286, "mask_type": "sparsemax", "momentum": 0.2835602163159622, "n_a": 40, "n_d": 124, "n_indep_decoder": 1, "n_independent": 4, "n_shared": 5, "n_shared_decoder": 1, "n_steps": 1, "optimizer_params": {"lr": 0.026855767467816892}, "output_dim": 134, "scheduler_params": {"step_size": 10, "gamma": 0.95}, "seed": 0, "verbose": true}, "class_attrs": {"preds_mapper": null}}