{"init_params": {"cat_dims": [], "cat_emb_dim": [], "cat_idxs": [], "clip_value": 1, "device_name": "cuda", "epsilon": 1e-15, "gamma": 1.892874746247121, "grouped_features": [], "input_dim": 674, "lambda_sparse": 0.00021130855524049866, "mask_type": "entmax", "momentum": 0.33328416750349904, "n_a": 120, "n_d": 112, "n_indep_decoder": 1, "n_independent": 9, "n_shared": 8, "n_shared_decoder": 1, "n_steps": 1, "optimizer_params": {"lr": 0.009490014717933306}, "output_dim": 270, "scheduler_params": {"step_size": 10, "gamma": 0.95}, "seed": 0, "verbose": true}, "class_attrs": {"preds_mapper": null}}