{"init_params": {"cat_dims": [], "cat_emb_dim": [], "cat_idxs": [], "clip_value": 1, "device_name": "cuda", "epsilon": 1e-15, "gamma": 1.182694264124915, "grouped_features": [], "input_dim": 635, "lambda_sparse": 0.0005581306441453191, "mask_type": "entmax", "momentum": 0.3460221802550422, "n_a": 84, "n_d": 116, "n_indep_decoder": 1, "n_independent": 1, "n_shared": 7, "n_shared_decoder": 1, "n_steps": 4, "optimizer_params": {"lr": 0.022294899647574695}, "output_dim": 224, "scheduler_params": {"step_size": 10, "gamma": 0.95}, "seed": 0, "verbose": true}, "class_attrs": {"preds_mapper": null}}