{"init_params": {"cat_dims": [], "cat_emb_dim": [], "cat_idxs": [], "clip_value": 1, "device_name": "cuda", "epsilon": 1e-15, "gamma": 1.3, "grouped_features": [], "input_dim": 1267, "lambda_sparse": 0.001, "mask_type": "entmax", "momentum": 0.02, "n_a": 8, "n_d": 8, "n_indep_decoder": 1, "n_independent": 2, "n_shared": 2, "n_shared_decoder": 1, "n_steps": 3, "optimizer_params": {"lr": 0.02}, "output_dim": [14, 24, 55], "scheduler_params": {"step_size": 10, "gamma": 0.95}, "seed": 0, "verbose": true}, "class_attrs": {"preds_mapper": [{"0": "0", "1": "1", "2": "2", "3": "3", "4": "4", "5": "5", "6": "6", "7": "7", "8": "8", "9": "9", "10": "10", "11": "11", "12": "12", "13": "13"}, {"0": "0", "1": "1", "2": "2", "3": "3", "4": "4", "5": "5", "6": "6", "7": "7", "8": "8", "9": "9", "10": "10", "11": "11", "12": "12", "13": "13", "14": "14", "15": "15", "16": "16", "17": "17", "18": "18", "19": "19", "20": "20", "21": "21", "22": "22", "23": "23"}, {"0": "0", "1": "1", "2": "2", "3": "3", "4": "4", "5": "5", "6": "6", "7": "7", "8": "8", "9": "9", "10": "10", "11": "11", "12": "12", "13": "13", "14": "14", "15": "15", "16": "16", "17": "17", "18": "18", "19": "19", "20": "20", "21": "21", "22": "22", "23": "23", "24": "24", "25": "25", "26": "26", "27": "27", "28": "28", "29": "29", "30": "30", "31": "31", "32": "32", "33": "33", "34": "34", "35": "35", "36": "36", "37": "37", "38": "38", "39": "39", "40": "40", "41": "41", "42": "42", "43": "43", "44": "44", "45": "45", "46": "46", "47": "47", "48": "48", "49": "49", "50": "50", "51": "51", "52": "52", "53": "53", "54": "54"}]}}